Date,open,high,low,adj_close,ema_short,ema_long,diff_ema,trend,positions,volume
2021-01-01,28994.009765625,29600.626953125,28803.5859375,29374.15234375,29374.15234375,29374.15234375,0.0,down,0.0,40730301359
2021-01-02,29376.455078125,33155.1171875,29091.181640625,32127.267578125,31438.98876953125,31026.021484375,412.96728515625,up,1.0,67865420765
2021-01-03,32129.408203125,34608.55859375,32052.31640625,32782.0234375,32368.78200120192,31857.811883223683,510.97011797823507,up,0.0,78665235202
2021-01-04,32810.94921875,33440.21875,28722.755859375,31971.9140625,32100.896142578124,31905.208173076924,195.6879695011994,up,0.0,81163475344
2021-01-05,31977.041015625,34437.58984375,30221.1875,33992.4296875,33367.12934207128,32706.463825533177,660.6655165381053,up,0.0,67547324782
2021-01-06,34013.61328125,36879.69921875,33514.03515625,36824.36328125,35675.117933336194,34211.200017622185,1463.9179157140097,up,0.0,75289433811
2021-01-07,36833.875,40180.3671875,36491.19140625,39371.04296875,38140.19510700195,36038.070105709696,2102.1250012922537,up,0.0,84762141031
2021-01-08,39381.765625,41946.73828125,36838.63671875,40797.609375,39912.07468142626,37688.99990458961,2223.074776836649,up,0.0,88107519480
2021-01-09,40788.640625,41436.3515625,38980.875,40254.546875,40140.40107732478,38567.0215869673,1573.3794903574817,up,0.0,61984162837
2021-01-10,40254.21875,41420.19140625,35984.62890625,38356.44140625,38951.07448859138,38495.589450869775,455.4850377216062,down,-1.0,79980747690
2021-01-11,38346.53125,38346.53125,30549.599609375,35566.65625,36694.78292603188,37507.85921495661,-813.0762889247271,down,0.0,123320567399
2021-01-12,35516.359375,36568.52734375,32697.9765625,33922.9609375,34846.8981232227,36303.61156843184,-1456.7134452091414,down,0.0,74773277909
2021-01-13,33915.12109375,37599.9609375,32584.66796875,37316.359375,36493.20665701422,36642.937706733406,-149.73104971918656,up,1.0,69364315979
2021-01-14,37325.109375,39966.40625,36868.5625,39187.328125,38289.288011187404,37493.98309138973,795.3049197976725,up,0.0,63615990033
2021-01-15,39156.70703125,39577.7109375,34659.58984375,36825.3671875,37313.34072738036,37270.60099505694,42.73973232341814,down,-1.0,67760757881
2021-01-16,36821.6484375,37864.3671875,35633.5546875,36178.140625,36556.540641545886,36905.89229167586,-349.3516501299746,down,0.0,57706187875
2021-01-17,36163.6484375,36722.3515625,34069.3203125,35791.27734375,36046.365105731405,36533.97649633246,-487.6113906010578,down,0.0,52359854336
2021-01-18,35792.23828125,37299.28515625,34883.84375,36630.07421875,36435.504515414905,36566.030759651854,-130.52624423694942,down,0.0,49511702429
2021-01-19,36642.234375,37755.890625,36069.8046875,36069.8046875,36191.704629928536,36400.54742056039,-208.84279063185386,down,0.0,57244195486
2021-01-20,36050.11328125,36378.328125,33570.4765625,35547.75,35762.40154318639,36116.19610111571,-353.79455792932276,down,0.0,66834573161
2021-01-21,35549.3984375,35552.6796875,30250.75,30825.69921875,32471.266659914167,34352.343512977175,-1881.0768530630085,down,0.0,75643067688
2021-01-22,30817.625,33811.8515625,28953.373046875,33005.76171875,32827.59669914941,33903.42291343911,-1075.8262142897001,down,0.0,77207272511
2021-01-23,32985.7578125,33360.9765625,31493.16015625,32067.642578125,32320.96061846109,33291.44160453623,-970.4809860751411,down,0.0,48354737975
2021-01-24,32064.376953125,32944.0078125,31106.685546875,32289.37890625,32299.90614365362,32957.4008620211,-657.4947183674813,down,0.0,48643830599
2021-01-25,32285.798828125,34802.7421875,32087.787109375,32366.392578125,32344.230433301258,32760.390298684844,-416.1598653835863,down,0.0,59897054838
2021-01-26,32358.61328125,32794.55078125,31030.265625,32569.849609375,32494.643217350476,32696.87505868912,-202.23184133864197,down,0.0,60255421470
2021-01-27,32564.029296875,32564.029296875,29367.138671875,30432.546875,31119.91232244998,31942.085712453045,-822.1733900030631,up,1.0,62576762015
2021-01-28,30441.041015625,33858.3125,30023.20703125,33466.09765625,32684.03587831673,32450.095654689,233.9402236277274,up,0.0,76517157706
2021-01-29,34318.671875,38406.26171875,32064.814453125,34316.38671875,33772.269771938925,33072.19754252338,700.0722294155421,up,0.0,117894572511
2021-01-30,34295.93359375,34834.70703125,32940.1875,34269.5234375,34103.77221564631,33471.30825558256,632.4639600637529,up,0.0,65141828798
2021-01-31,34270.87890625,34288.33203125,32270.17578125,33114.359375,33444.16365521543,33352.32488171531,91.83877350012335,up,0.0,52754542671
2021-02-01,33114.578125,34638.21484375,32384.228515625,33537.17578125,33506.171739238474,33413.941991044245,92.22974819422961,up,0.0,61400400660
2021-02-02,33533.19921875,35896.8828125,33489.21875,35510.2890625,34842.249954746156,34112.725427965655,729.5245267805003,up,0.0,63088585433
2021-02-03,35510.8203125,37480.1875,35443.984375,37472.08984375,36595.47654741539,35232.51472010268,1362.9618273127126,up,0.0,61166818159
2021-02-04,37475.10546875,38592.17578125,36317.5,36926.06640625,36815.86978663847,35797.03233650741,1018.8374501310609,up,0.0,68838074392
2021-02-05,36931.546875,38225.90625,36658.76171875,38144.30859375,37701.49565804616,36579.458113814864,1122.0375442312943,up,0.0,58598066402
2021-02-06,38138.38671875,40846.546875,38138.38671875,39266.01171875,38744.50636518205,37474.97625546318,1269.5301097188712,up,0.0,71326033653
2021-02-07,39250.19140625,39621.8359375,37446.15234375,38903.44140625,38850.46305922735,37951.131402615836,899.3316566115172,up,0.0,65500641143
2021-02-08,38886.828125,46203.9296875,38076.32421875,46196.46484375,43747.797582242456,40699.57625583855,3048.221326403909,up,0.0,101467222687
2021-02-09,46184.9921875,48003.72265625,45166.9609375,46481.10546875,45570.00283991415,42626.752834431834,2943.2500054823176,up,0.0,91809846886
2021-02-10,46469.76171875,47145.56640625,43881.15234375,44918.18359375,45135.456675804715,43390.56313358941,1744.8935422153081,up,0.0,87301089896
2021-02-11,44898.7109375,48463.46875,44187.76171875,47909.33203125,46984.70691276824,44896.8194933529,2087.8874194153395,up,0.0,81388911810
2021-02-12,47877.03515625,48745.734375,46424.9765625,47504.8515625,47331.470012589416,45766.1635396972,1565.3064728922182,up,0.0,76555041196
2021-02-13,47491.203125,48047.74609375,46392.28125,47105.515625,47180.83375419647,46212.614242773634,968.219511422838,up,0.0,70250456155
2021-02-14,47114.5078125,49487.640625,47114.5078125,48717.2890625,48205.13729306549,47047.50585929222,1157.6314337732692,up,0.0,71248675228
2021-02-15,48696.53515625,48875.5703125,46347.4765625,47945.05859375,48031.75149352183,47346.69010648691,685.0613870349189,up,0.0,77069903166
2021-02-16,47944.45703125,50341.1015625,47201.3046875,49199.87109375,48810.49789367394,47964.41710551097,846.0807881629735,up,0.0,77049582886
2021-02-17,49207.27734375,52533.9140625,49072.37890625,52149.0078125,51036.171172891314,49359.28067942942,1676.8904934618913,up,0.0,80820545404
2021-02-18,52140.97265625,52474.10546875,51015.765625,51679.796875,51465.2549742971,50132.78607977262,1332.4688945244852,up,0.0,52054723579
2021-02-19,51675.98046875,56113.65234375,50937.27734375,55888.1328125,54413.8401997657,52051.23499369051,2362.60520607519,up,0.0,63495496918
2021-02-20,55887.3359375,57505.2265625,54626.55859375,56099.51953125,55537.62642075523,53400.66317428791,2136.9632464673195,up,0.0,68145460026
2021-02-21,56068.56640625,58330.5703125,55672.609375,57539.9453125,56872.50568191841,54780.42388798702,2092.081793931393,up,0.0,51897585191
2021-02-22,57532.73828125,57533.390625,48967.56640625,54207.3203125,55095.71543563947,54589.38936273591,506.326072903561,down,-1.0,92052420332
2021-02-23,54204.9296875,54204.9296875,45290.58984375,48824.42578125,50914.85566604649,52667.73483497862,-1752.8791689321297,down,0.0,106102492824
2021-02-24,48835.0859375,51290.13671875,47213.5,49705.33203125,50108.50657618217,51680.267233531806,-1571.7606573496378,down,0.0,63695521388
2021-02-25,49709.08203125,51948.96875,47093.8515625,47093.8515625,48098.736567060725,50151.46200964404,-2052.725442583316,down,0.0,54506565949
2021-02-26,47180.46484375,48370.78515625,44454.84375,46339.76171875,46926.08666818691,48880.89524589607,-1954.808577709162,down,0.0,350967941479
2021-02-27,46344.7734375,48253.26953125,45269.02734375,46188.453125,46434.33097272897,47983.4145388758,-1549.08356614683,down,0.0,45910946382
2021-02-28,46194.015625,46716.4296875,43241.6171875,45137.76953125,45569.95667840965,47034.86620296183,-1464.9095245521748,up,1.0,53443887451
2021-03-01,45159.50390625,49784.015625,45115.09375,49631.2421875,48277.48035113655,47900.32486449809,377.1554866384613,up,0.0,53891300112
2021-03-02,49612.10546875,50127.51171875,47228.84375,48378.98828125,48345.15230454552,48059.87933675163,285.27296779389144,up,0.0,47530897720
2021-03-03,48415.81640625,52535.13671875,48274.3203125,50538.2421875,49807.21222651517,48886.00028701108,921.2119395040936,up,0.0,53220811975
2021-03-04,50522.3046875,51735.08984375,47656.9296875,48561.16796875,48976.51605467172,48777.722847589845,198.7932070818788,up,0.0,52343816680
2021-03-05,48527.03125,49396.4296875,46542.515625,48927.3046875,48943.70847655724,48827.5834608935,116.12501566374704,up,0.0,48625928883
2021-03-06,48899.23046875,49147.21875,47257.52734375,48912.3828125,48922.824700519086,48855.849911429104,66.97478908998164,up,0.0,34363564661
2021-03-07,48918.6796875,51384.3671875,48918.6796875,51206.69140625,50445.4025043397,49639.46374303794,805.9387613017607,up,0.0,43137459378
2021-03-08,51174.1171875,52314.0703125,49506.0546875,52246.5234375,51646.14979311323,50508.48364119334,1137.6661519198897,up,0.0,48597428048
2021-03-09,52272.96875,54824.1171875,51981.83203125,54824.1171875,53764.79472270441,51947.02815663042,1817.766566073995,up,0.0,50912227385
2021-03-10,54824.01171875,57258.25390625,53290.890625,56008.55078125,55260.63209506814,53300.869031504575,1959.763063563565,up,0.0,57295577614
2021-03-11,55963.1796875,58091.0625,54484.59375,57805.12109375,56956.95809418938,54802.28638558709,2154.671708602291,up,0.0,56772343595
2021-03-12,57821.21875,57996.62109375,55376.6484375,57332.08984375,57207.045927229796,55645.554204974986,1561.4917222548102,up,0.0,55689944702
2021-03-13,57343.37109375,61683.86328125,56217.97265625,61243.0859375,59897.73926740993,57511.39811581705,2386.341151592882,up,0.0,60669829814
2021-03-14,61221.1328125,61597.91796875,59302.31640625,59302.31640625,59500.79069330331,58108.37087929478,1392.4198140085282,down,-1.0,43901225564
2021-03-15,59267.4296875,60540.9921875,55393.1640625,55907.19921875,57105.063043601105,57374.64699244645,-269.5839488453421,down,0.0,66419369890
2021-03-16,55840.78515625,56833.1796875,53555.02734375,56804.90234375,56904.95591036704,57184.73210954762,-279.7761991805819,up,1.0,59749798599
2021-03-17,56825.828125,58969.81640625,54528.62890625,58870.89453125,58215.58165762235,57746.78625011511,468.7954075072412,up,0.0,60258313191
2021-03-18,58893.078125,60116.25,54253.578125,57858.921875,57977.808469207455,57784.16479174341,193.64367746404605,up,0.0,55746041000
2021-03-19,57850.44140625,59498.375,56643.703125,58346.65234375,58223.70438556915,57971.66064241227,252.04374315687892,up,0.0,49063873786
2021-03-20,58332.26171875,60031.28515625,58213.296875,58313.64453125,58283.66448268972,58085.65527202486,198.00921066485898,down,-1.0,50361731222
2021-03-21,58309.9140625,58767.8984375,56005.6171875,57523.421875,57776.83607756324,57898.24413968324,-121.40806211999734,down,0.0,51943414539
2021-03-22,57517.890625,58471.48046875,54288.15625,54529.14453125,55611.708380021075,56775.21093687216,-1163.5025568510828,down,0.0,56521454974
2021-03-23,54511.66015625,55985.44140625,53470.6953125,54738.9453125,55029.86633500702,56096.4557287481,-1066.5893937410801,down,0.0,56435023914
2021-03-24,54710.48828125,57262.3828125,52514.33203125,52774.265625,53526.13252833567,54989.05902749874,-1462.9264991630698,down,0.0,70567223787
2021-03-25,52726.74609375,53392.38671875,50856.5703125,51704.16015625,52311.48428027856,53894.092737082494,-1582.6084568039369,down,0.0,67999812841
2021-03-26,51683.01171875,55137.3125,51579.85546875,55137.3125,54195.36976009285,54308.49932472166,-113.12956462881266,up,1.0,56652197978
2021-03-27,55137.56640625,56568.21484375,54242.91015625,55973.51171875,55380.79773253095,54863.50345606444,517.2942764665058,up,0.0,47266542233
2021-03-28,55974.94140625,56610.3125,55071.11328125,55950.74609375,55760.763306676985,55225.917668626294,534.8456380506905,up,0.0,47686580918
2021-03-29,55947.8984375,58342.09765625,55139.33984375,57750.19921875,57087.053914725664,56067.34485200086,1019.7090627248035,up,0.0,57625587027
2021-03-30,57750.1328125,59447.22265625,57251.55078125,58917.69140625,58307.478909075224,57017.4603700839,1290.018538991324,up,0.0,54414116432
2021-03-31,58930.27734375,59930.02734375,57726.41796875,58918.83203125,58715.047657191746,57651.25092380593,1063.7967333858178,up,0.0,65520826225
2021-04-01,58926.5625,59586.0703125,58505.27734375,59095.80859375,58968.888281563915,58132.77014712062,836.1181344432989,up,0.0,61669163792
2021-04-02,59098.87890625,60267.1875,58869.28125,59384.3125,59245.8377605213,58549.95093141374,695.8868291075632,down,-1.0,58727860620
2021-04-03,59397.41015625,60110.26953125,57603.890625,57603.890625,58151.206336840434,58234.59749594249,-83.39115910205874,up,1.0,59641344484
2021-04-04,57604.83984375,58913.74609375,57168.67578125,58758.5546875,58556.10523728014,58409.249893128326,146.8553441518161,up,0.0,50749662970
2021-04-05,58760.875,59891.296875,57694.82421875,59057.87890625,58890.62101659338,58625.45956416888,265.1614524245015,down,-1.0,60706272115
2021-04-06,59171.93359375,59479.578125,57646.80859375,58192.359375,58425.11325553113,58481.09283444592,-55.97957891479018,down,0.0,66058027988
2021-04-07,58186.5078125,58731.14453125,55604.0234375,56048.9375,56840.99608517704,57670.374389630604,-829.3783044535667,down,0.0,75645303584
2021-04-08,56099.9140625,58338.73828125,55879.0859375,58323.953125,57829.634111725674,57888.233968087065,-58.599856361390266,up,1.0,53053855641
2021-04-09,58326.5625,58937.046875,57807.86328125,58245.00390625,58106.54730807522,58007.157280808045,99.39002726717445,up,0.0,46655208546
2021-04-10,58253.77734375,61276.6640625,58038.70703125,59793.234375,59231.00535269174,58602.51631220537,628.489040486369,up,0.0,58238470525
2021-04-11,59846.23046875,60790.5546875,59289.796875,60204.96484375,59880.31168006392,59136.66582272025,743.6458573436685,up,0.0,46280252580
2021-04-12,60175.9453125,61253.03515625,59589.875,59893.453125,59889.072643354644,59388.928256813495,500.1443865411493,up,0.0,51828688519
2021-04-13,59890.01953125,63742.28515625,59869.95703125,63503.45703125,62298.662235284886,60760.43784829233,1538.2243869925587,up,0.0,69983454362
2021-04-14,63523.75390625,64863.09765625,61554.796875,63109.6953125,62839.3509534283,61543.52366969488,1295.8272837334225,up,0.0,77451779687
2021-04-15,63075.1953125,63821.671875,62208.96484375,63314.01171875,63155.79146364277,62133.686352713245,1022.1051109295222,up,0.0,60954381579
2021-04-16,63258.50390625,63594.72265625,60222.53125,61572.7890625,62100.456529547584,61946.720589308825,153.7359402387592,down,-1.0,84293007468
2021-04-17,61529.921875,62572.17578125,60361.3515625,60683.8203125,61156.03238484919,61525.75383037255,-369.7214455233625,down,0.0,66138759198
2021-04-18,60701.88671875,61057.45703125,52829.53515625,56216.18359375,57862.799857449725,59755.897084831704,-1893.0972273819789,down,0.0,97468872758
2021-04-19,56191.5859375,57520.0546875,54368.59375,55724.265625,56437.11036914991,58412.01993155447,-1974.9095624045585,down,0.0,65344865159
2021-04-20,55681.79296875,57062.1484375,53448.046875,56473.03125,56461.05762304997,57765.69037103632,-1304.6327479863467,down,0.0,67849323955
2021-04-21,56471.12890625,56757.97265625,53695.46875,53906.08984375,54757.74577018333,56479.156861940886,-1721.41109175756,down,0.0,54926612466
2021-04-22,53857.10546875,55410.23046875,50583.8125,51762.2734375,52760.764215061114,54906.862387127265,-2146.098172066151,down,0.0,74798630778
2021-04-23,51739.80859375,52120.79296875,47714.6640625,51093.65234375,51649.35630085371,53635.792372668184,-1986.4360718144744,down,0.0,86668667320
2021-04-24,51143.2265625,51167.5625,48805.28515625,50050.8671875,50583.69689195124,52440.81731094546,-1857.1204189942218,down,0.0,49014494781
2021-04-25,50052.83203125,50506.01953125,47159.484375,49004.25390625,49530.734901483745,51295.29617604697,-1764.5612745632243,up,1.0,46117114240
2021-04-26,49077.79296875,54288.00390625,48852.796875,54021.75390625,52524.74757132792,52204.11541944798,320.63215187993774,up,0.0,58284039825
2021-04-27,54030.3046875,55416.96484375,53319.1875,55033.1171875,54196.99398210931,53147.11600879865,1049.8779733106567,up,0.0,49448222757
2021-04-28,55036.63671875,56227.20703125,53887.91796875,54824.703125,54615.466744036436,53706.3117141991,909.1550298373331,up,0.0,48000572955
2021-04-29,54858.08984375,55115.84375,52418.02734375,53555.109375,53908.56183134548,53655.910934466076,252.6508968794078,up,0.0,46088929780
2021-04-30,53568.6640625,57900.71875,53129.6015625,57750.17578125,56469.6377979485,55020.66588339405,1448.971914554444,up,0.0,52395931985
2021-05-01,57714.6640625,58448.33984375,57052.2734375,57828.05078125,57375.24645348283,55956.46084934603,1418.7856041367995,up,0.0,42836427360
2021-05-02,57825.86328125,57902.59375,56141.90625,56631.078125,56879.134234494275,56181.33327456403,697.8009599302459,up,0.0,38177405335
2021-05-03,56620.2734375,58973.30859375,56590.87109375,57200.29296875,57093.24005733142,56520.98650595936,572.253551372065,down,-1.0,51713139031
2021-05-04,57214.1796875,57214.1796875,53191.42578125,53333.5390625,54586.77272744381,55458.504024806236,-871.7312973624284,up,1.0,68564706967
2021-05-05,53252.1640625,57911.36328125,52969.0546875,57424.0078125,56478.26278414793,56113.67195403748,364.59083011045004,up,0.0,69241316747
2021-05-06,57441.30859375,58363.31640625,55382.5078125,56396.515625,56423.76467804931,56207.95317769165,215.8115003576604,up,0.0,69523285106
2021-05-07,56413.953125,58606.6328125,55321.84765625,57356.40234375,57045.52312184977,56590.76956637776,454.7535554720089,up,0.0,68434023376
2021-05-08,57352.765625,59464.61328125,56975.2109375,58803.77734375,58217.69260311659,57328.43882550185,889.2537776147437,up,0.0,65382980634
2021-05-09,58877.390625,59210.8828125,56482.00390625,58232.31640625,58227.44180520553,57629.731352417904,597.710452787629,down,-1.0,65906690347
2021-05-10,58250.87109375,59519.35546875,54071.45703125,55859.796875,56649.01185173518,57039.7531932786,-390.7413415434203,down,0.0,71776546298
2021-05-11,55847.2421875,56872.54296875,54608.65234375,56704.57421875,56686.05342974506,56928.02686843573,-241.97343869067117,down,0.0,61308396325
2021-05-12,56714.53125,57939.36328125,49150.53515625,49150.53515625,51662.37458074835,54335.52963104049,-2673.155050292138,down,0.0,75215403907
2021-05-13,49735.43359375,51330.84375,46980.01953125,49716.19140625,50364.91913108278,52795.750222776995,-2430.8310916942137,down,0.0,96721152926
2021-05-14,49682.98046875,51438.1171875,48868.578125,49880.53515625,50041.996481194255,51824.01186726799,-1782.0153860737337,down,0.0,55737497453
2021-05-15,49855.49609375,50639.6640625,46664.140625,46760.1875,47854.12382706475,50136.07041151199,-2281.946584447236,down,0.0,59161047474
2021-05-16,46716.63671875,49720.04296875,43963.3515625,46456.05859375,46922.08033818825,48909.399805591325,-1987.3194674030747,down,0.0,64047871555
2021-05-17,46415.8984375,46623.55859375,42207.2890625,43537.51171875,44665.701258562745,47118.77044331088,-2453.0691847481357,down,0.0,74903638450
2021-05-18,43488.05859375,45812.45703125,42367.83203125,42909.40234375,43494.83531535425,45715.64774345725,-2220.812428103003,down,0.0,56187365084
2021-05-19,42944.9765625,43546.1171875,30681.49609375,37002.44140625,39166.57270928475,42811.24563105484,-3644.672921770085,down,0.0,126358098747
2021-05-20,36753.66796875,42462.984375,35050.6171875,40782.73828125,40244.01642392825,42135.07651445323,-1891.060090524974,down,0.0,88281943359
2021-05-21,40596.94921875,42172.171875,33616.453125,37304.69140625,38284.466412142756,40524.94814505215,-2240.481732909393,down,0.0,82051616861
2021-05-22,37371.03125,38831.0546875,35383.68359375,37536.6328125,37785.910679047585,39528.84303420143,-1742.9323551538473,down,0.0,57377273240
2021-05-23,37531.44921875,38289.21875,31227.33984375,34770.58203125,35775.69158051586,37942.75603321762,-2167.064452701765,down,0.0,78469274361
2021-05-24,34700.36328125,39835.140625,34551.08203125,38705.98046875,37729.21750600528,38197.16417839508,-467.94667238980037,down,0.0,67359584098
2021-05-25,38795.78125,39776.3515625,36581.4296875,38402.22265625,38177.88760616843,38265.51700434672,-87.62939817829465,up,1.0,56211915803
2021-05-26,38392.625,40782.078125,37905.8359375,39294.19921875,38922.09534788947,38608.41107581448,313.6842720749919,up,0.0,51346735160
2021-05-27,39316.890625,40379.6171875,37247.90234375,38436.96875,38598.677615963155,38551.26363387632,47.41398208683677,down,-1.0,43210968721
2021-05-28,38507.08203125,38856.96875,34779.0390625,35697.60546875,36664.62951782105,37600.04424550088,-935.4147276798321,down,0.0,55200191952
2021-05-29,35684.15625,37234.5,33693.9296875,34616.06640625,35298.92077677368,36605.384965750585,-1306.4641889769046,down,0.0,45231013335
2021-05-30,34607.40625,36400.66796875,33520.73828125,35678.12890625,35551.72619642456,36296.29961258372,-744.5734161591608,up,1.0,31646080921
2021-05-31,35658.59375,37468.25,34241.9453125,37332.85546875,36739.14571130819,36641.81823130581,97.32748000237916,up,0.0,39009847639
2021-06-01,37293.79296875,37896.734375,35787.0859375,36684.92578125,36702.9990912694,36656.187414620545,46.81167664885288,up,0.0,34639423297
2021-06-02,36699.921875,38231.33984375,35966.30859375,37575.1796875,37284.4528220898,36962.51817224703,321.93464984276943,up,0.0,33070867190
2021-06-03,37599.41015625,39478.953125,37243.97265625,39208.765625,38567.328024029935,37711.267323164684,856.0607008652514,up,0.0,35460750427
2021-06-04,39242.484375,39242.484375,35717.72265625,36894.40625,37452.04684134331,37438.980298776456,13.066542566855787,down,-1.0,41831090187
2021-06-05,36880.15625,37917.71484375,34900.4140625,35551.95703125,36185.32030128111,36809.9725429343,-624.6522416531952,down,0.0,35959473399
2021-06-06,35538.609375,36436.421875,35304.578125,35862.37890625,35970.02603792704,36494.10799737287,-524.0819594458299,down,0.0,28913440585
2021-06-07,35835.265625,36790.5703125,33480.640625,33560.70703125,34363.813366809016,35516.30767533191,-1152.4943085228952,down,0.0,33683936663
2021-06-08,33589.51953125,34017.38671875,31114.443359375,33472.6328125,33769.692997269674,34835.082721054605,-1065.3897237849305,up,1.0,49902050442
2021-06-09,33416.9765625,37537.37109375,32475.865234375,37345.12109375,36153.31172825656,35671.762178619734,481.54954963682394,up,0.0,53972919008
2021-06-10,37389.515625,38334.32421875,35847.59375,36702.59765625,36519.50234691885,36015.37400449649,504.1283424223657,up,0.0,43576032854
2021-06-11,36697.03125,37608.6953125,36044.44921875,37334.3984375,37062.766407306284,36455.048815497656,607.7175918086286,down,-1.0,38699736985
2021-06-12,37340.14453125,37408.92578125,34728.19140625,35552.515625,36055.93255243543,36154.204418665104,-98.27186622967565,up,1.0,37924228550
2021-06-13,35555.7890625,39322.78125,34864.109375,39097.859375,38083.88376747848,37135.422737443405,948.461030035076,up,0.0,40669112838
2021-06-14,39016.96875,40978.36328125,38757.28515625,40218.4765625,39506.945630826165,38163.1073457956,1343.8382850305643,up,0.0,43148914673
2021-06-15,40427.16796875,41295.26953125,39609.46875,40406.26953125,40106.49489777539,38910.8280742804,1195.6668234949902,up,0.0,46420149185
2021-06-16,40168.69140625,40516.77734375,38176.03515625,38347.0625,38933.53996592513,38722.90621618693,210.63374973819737,down,-1.0,39211635100
2021-06-17,38341.421875,39513.671875,37439.67578125,38053.50390625,38346.84925947504,38499.77211287462,-152.92285339957743,down,0.0,37096670047
2021-06-18,38099.4765625,38187.26171875,35255.85546875,35787.24609375,36640.44714899168,37595.59677316641,-955.14962417473,down,0.0,36200887275
2021-06-19,35854.52734375,36457.796875,34933.0625,35615.87109375,35957.39644549723,36935.68821336094,-978.2917678637095,down,0.0,31207279719
2021-06-20,35563.140625,36059.484375,33432.07421875,35698.296875,35784.66339849908,36523.22443390729,-738.5610354082164,down,0.0,36664034054
2021-06-21,35641.14453125,35721.640625,31295.935546875,31676.693359375,33046.016705749695,34907.71407572986,-1861.6973699801674,down,0.0,52809038594
2021-06-22,31622.376953125,33292.453125,28893.62109375,32505.66015625,32685.779006083234,34107.02943590324,-1421.2504298200074,down,0.0,58964353058
2021-06-23,32515.71484375,34753.41015625,31772.6328125,33723.02734375,33377.27789786108,33979.02873851883,-601.7508406577472,up,1.0,46317108925
2021-06-24,33682.80078125,35228.8515625,32385.21484375,34662.4375,34234.0509659537,34206.831659012554,27.21930694114417,down,-1.0,33123368116
2021-06-25,34659.10546875,35487.24609375,31350.884765625,31637.779296875,32503.203186567902,33350.48087163337,-847.27768506547,down,0.0,40230904226
2021-06-26,31594.6640625,32637.587890625,30184.501953125,32186.27734375,32291.919291355967,32962.413029005584,-670.4937376496164,up,1.0,38585385521
2021-06-27,32287.5234375,34656.12890625,32071.7578125,34649.64453125,33863.73611795199,33524.823529753725,338.9125881982618,up,0.0,35511640894
2021-06-28,34679.12109375,35219.890625,33902.07421875,34434.3359375,34244.13599765066,33827.99433233582,416.1416653148408,up,0.0,33892523752
2021-06-29,34475.55859375,36542.109375,34252.484375,35867.77734375,35326.56356171688,34507.92200280721,818.6415589096723,up,0.0,37901460044
2021-06-30,35908.38671875,36074.7578125,34086.15234375,35040.8359375,35136.07847890563,34685.55998103814,450.5184978674879,down,-1.0,34059036099
2021-07-01,35035.984375,35035.984375,32883.78125,33572.1171875,34093.43761796854,34314.412383192095,-220.97476522355282,down,0.0,37838957079
2021-07-02,33549.6015625,33939.58984375,32770.6796875,33897.046875,33962.51045598951,34175.29054712806,-212.78009113854932,up,1.0,38728974942
2021-07-03,33854.421875,34909.26171875,33402.6953125,34668.546875,34433.201401996506,34339.70932308537,93.49207891113474,up,0.0,24383958643
2021-07-04,34665.56640625,35937.56640625,34396.4765625,35287.78125,35002.921300665505,34655.73329872358,347.1880019419259,down,-1.0,24924307911
2021-07-05,35284.34375,35284.34375,33213.66015625,33746.00390625,34164.97637105517,34352.49016789905,-187.5137968438794,down,0.0,26721554282
2021-07-06,33723.5078125,35038.53515625,33599.91796875,34235.1953125,34211.78899868506,34313.39188276603,-101.60288408097404,down,0.0,26501259870
2021-07-07,34225.6796875,34997.6640625,33839.2890625,33855.328125,33974.14841622835,34160.703963510685,-186.55554728233255,down,0.0,24796027477
2021-07-08,33889.60546875,33907.90625,32133.18359375,32877.37109375,33242.96353457612,33732.92634025712,-489.9628056810034,down,0.0,29910396946
2021-07-09,32861.671875,34042.29296875,32318.880859375,33798.01171875,33612.995657358704,33754.62146642141,-141.62580906270887,down,0.0,27436021028
2021-07-10,33811.2421875,34209.0703125,33116.01171875,33520.51953125,33551.34490661957,33676.58748803094,-125.24258141137398,up,1.0,22971873468
2021-07-11,33509.078125,34584.703125,33346.73828125,34240.1875,34010.573302206525,33864.454158687295,146.11914351923042,down,-1.0,20108729370
2021-07-12,34254.015625,34592.15625,32697.30859375,33155.84765625,33440.75620490217,33628.2519912082,-187.49578630602628,down,0.0,24321499537
2021-07-13,33125.46875,33327.1015625,32261.419921875,32702.025390625,32948.26899538405,33319.5097910138,-371.2407956297466,down,0.0,19120856669
2021-07-14,32723.845703125,33061.3984375,31639.125,32822.34765625,32864.32143596135,33153.789079425864,-289.4676434645153,down,0.0,21376531210
2021-07-15,32827.875,33159.640625,31175.708984375,31780.73046875,32141.92745782045,32696.102875867244,-554.1754180467942,down,0.0,21300524237
2021-07-16,31841.55078125,32218.40625,31100.673828125,31421.5390625,31661.668527606816,32271.2482714115,-609.579743804683,down,0.0,23699476918
2021-07-17,31397.30859375,31935.9453125,31223.990234375,31533.068359375,31575.93508211894,32025.18830073267,-449.2532186137287,down,0.0,18895018942
2021-07-18,31533.884765625,32398.99609375,31215.4921875,31796.810546875,31723.185391956315,31949.062382780114,-225.87699082379913,down,0.0,18787986667
2021-07-19,31800.01171875,31885.859375,30563.734375,30817.83203125,31119.616484818773,31571.985598936746,-452.36911411797337,down,0.0,20434789545
2021-07-20,30838.28515625,31006.1875,29360.955078125,29807.34765625,30244.770599106258,30983.7729513745,-739.0023522682422,up,1.0,23148267245
2021-07-21,29796.28515625,32752.326171875,29526.18359375,32110.693359375,31488.719105952085,31359.413087374665,129.3060185774193,up,0.0,28203024559
2021-07-22,32138.873046875,32576.400390625,31745.298828125,32313.10546875,32038.31001448403,31677.31054783311,360.9994666509192,up,0.0,19555230518
2021-07-23,32305.958984375,33581.55078125,32057.892578125,33581.55078125,33067.13719232801,32312.05729230541,755.0799000225998,up,0.0,22552046192
2021-07-24,33593.73046875,34490.390625,33424.859375,34292.4453125,33884.00927244267,32972.18663237028,911.8226400723943,up,0.0,21664706865
2021-07-25,34290.29296875,35364.92578125,33881.8359375,35350.1875,34861.46142414756,33764.85358824685,1096.6078359007079,up,0.0,20856685287
2021-07-26,35384.03125,40499.67578125,35287.3125,37337.53515625,36512.17724554919,34955.7474442479,1556.4298013012885,up,0.0,51022126212
2021-07-27,37276.03515625,39406.94140625,36441.7265625,39406.94140625,38442.02001934973,36439.478764915264,2002.5412544344654,up,0.0,35097370560
2021-07-28,39503.1875,40816.0703125,38862.4375,39995.90625,39477.94417311658,37624.954593276845,1852.9895798397338,up,0.0,38702404695
2021-07-29,39995.453125,40593.0703125,39352.05859375,40008.421875,39831.5959743722,38419.44368718456,1412.1522871876368,up,0.0,27167146027
2021-07-30,40027.484375,42235.546875,38397.35546875,42235.546875,41434.22990812407,39691.47808312304,1742.7518250010326,up,0.0,33072782960
2021-07-31,42196.3046875,42231.44921875,41110.83203125,41626.1953125,41562.20684437469,40336.38382624869,1225.8230181260005,up,0.0,25802845343
2021-08-01,41460.84375,42541.6796875,39540.94140625,39974.89453125,40503.99863562489,40215.88739458246,288.1112410424321,down,-1.0,26688438115
2021-08-02,39907.26171875,40419.1796875,38746.34765625,39201.9453125,39635.96308687496,39877.90670055497,-241.9436136800141,down,0.0,25595265436
2021-08-03,39178.40234375,39750.03125,37782.05078125,38152.98046875,38647.30800812499,39302.93128995332,-655.6232818283315,down,0.0,26189830450
2021-08-04,38213.33203125,39952.296875,37589.1640625,39747.50390625,39380.77194020833,39451.12216205221,-70.35022184388072,up,1.0,25372562724
2021-08-05,39744.515625,41341.93359375,37458.00390625,40869.5546875,40373.29377173611,39923.933003868144,449.3607678679691,up,0.0,35185031017
2021-08-06,40865.8671875,43271.66015625,39932.1796875,42816.5,42002.09792391204,40888.12200257876,1113.97592133328,up,0.0,38226483046
2021-08-07,42832.796875,44689.859375,42618.56640625,44555.80078125,43704.56649547068,42110.68159546918,1593.8849000015034,up,0.0,40030862141
2021-08-08,44574.4375,45282.3515625,43331.91015625,43798.1171875,43766.93362349022,42673.16012614612,1093.7734973441038,up,0.0,36302664750
2021-08-09,43791.92578125,46456.83203125,42848.6875,46365.40234375,45499.246103663405,43903.90753201408,1595.3385716493285,up,0.0,38734079049
2021-08-10,46280.84765625,46637.98828125,44705.5546875,45585.03125,45556.436201221135,44464.282104676044,1092.1540965450913,up,0.0,33546019517
2021-08-11,45599.703125,46735.6328125,45351.7109375,45593.63671875,45581.236546240376,44840.73364270069,740.5029035396874,up,0.0,34319709073
2021-08-12,45576.87890625,46228.91015625,43861.4453125,44428.2890625,44812.60489041346,44703.25211596712,109.35277444633539,up,0.0,33723620826
2021-08-13,44439.69140625,47831.9765625,44282.41796875,47793.3203125,46799.748505137824,45733.274848144756,1066.4736569930683,up,0.0,31744259539
2021-08-14,47810.6875,48098.68359375,46177.6328125,47096.9453125,46997.87971004594,46187.83166959651,810.0480404494301,up,0.0,31211354442
2021-08-15,47096.66796875,47357.10546875,45579.58984375,47047.00390625,47030.62917418198,46474.22241514768,556.4067590343038,up,0.0,30988958446
2021-08-16,47019.9609375,47998.09765625,45700.3203125,46004.484375,46346.532641394,46317.64306843178,28.889572962216334,down,-1.0,32776876610
2021-08-17,45936.45703125,47139.5703125,44512.41796875,44695.359375,45245.750463798,45776.88183728786,-531.1313734898577,down,0.0,33451362600
2021-08-18,44686.75,45952.0625,44364.02734375,44801.1875,44949.37515459934,45451.65039152524,-502.2752369259033,up,1.0,32194123075
2021-08-19,44741.8828125,46970.76171875,43998.31640625,46717.578125,46128.17713486645,45873.62630268349,254.55083218295476,up,0.0,37204312299
2021-08-20,46723.12109375,49342.15234375,46650.70703125,49339.17578125,48268.84289912215,47028.80946220566,1240.033436916492,up,0.0,34706867452
2021-08-21,49327.07421875,49717.01953125,48312.19921875,48905.4921875,48693.27575804072,47654.3703706371,1038.905387403618,up,0.0,40585205312
2021-08-22,48869.10546875,49471.609375,48199.94140625,49321.65234375,49112.19348184691,48210.1310283414,902.0624535055103,up,0.0,25370975378
2021-08-23,49291.67578125,50482.078125,49074.60546875,49546.1484375,49401.496785615636,48655.470164727594,746.0266208880421,down,-1.0,34305053719
2021-08-24,49562.34765625,49878.76953125,47687.1171875,47706.1171875,48271.24372020521,48339.019172318396,-67.77545211318647,up,1.0,35361168834
2021-08-25,47727.2578125,49202.87890625,47163.61328125,48960.7890625,48730.9406150684,48546.27580237893,184.66481268947246,down,-1.0,32646349931
2021-08-26,49002.640625,49347.58203125,46405.78125,46942.21875,47538.45937168947,48011.590118252614,-473.1307465631471,up,1.0,32666549568
2021-08-27,46894.5546875,49112.78515625,46394.28125,49058.66796875,48551.931769729825,48360.61606841841,191.3157013114178,up,0.0,34511076995
2021-08-28,49072.5859375,49283.50390625,48499.23828125,48902.40234375,48785.57881907661,48541.211493528936,244.36732554767514,up,0.0,28568103401
2021-08-29,48911.25,49644.11328125,47925.85546875,48829.83203125,48815.08096052554,48637.418339435964,177.66262108957744,down,-1.0,25889650240
2021-08-30,48834.8515625,48925.60546875,46950.2734375,47054.984375,47641.68323684185,48109.94035129065,-468.2571144488029,down,0.0,31847007016
2021-08-31,47024.33984375,48189.55078125,46750.09375,47166.6875,47325.01941228061,47795.52273419377,-470.5033219131583,up,1.0,34730363427
2021-09-01,47099.7734375,49111.08984375,46562.4375,48847.02734375,48339.691366593535,48146.024270712514,193.66709588102094,up,0.0,39139399125
2021-09-02,48807.84765625,50343.421875,48652.3203125,49327.72265625,48998.37889303118,48539.923732558345,458.4551604728331,up,0.0,39508070319
2021-09-03,49288.25,50982.2734375,48386.0859375,50025.375,49683.04296434373,49035.0741550389,647.9688093048317,up,0.0,43206179619
2021-09-04,50009.32421875,50545.58203125,49548.78125,49944.625,49857.43098811458,49338.25777002593,519.1732180886538,up,0.0,37471327794
2021-09-05,49937.859375,51868.6796875,49538.59765625,51753.41015625,51121.41710020486,50143.30856543395,978.1085347709086,up,0.0,30322676319
2021-09-06,51769.00390625,52700.94140625,51053.6796875,52633.53515625,52129.49580423495,50973.384095705966,1156.111708528988,down,-1.0,38884105426
2021-09-07,52660.48046875,52853.765625,43285.20703125,46811.12890625,48583.91787224499,49585.96569922064,-1002.0478269756495,down,0.0,65210059683
2021-09-08,46827.76171875,47334.0546875,44561.39453125,46091.390625,46922.23304074833,48421.107341147086,-1498.8743003987547,down,0.0,49007762488
2021-09-09,45774.7421875,47261.94921875,45669.73828125,46391.421875,46568.358930249444,47744.54551909806,-1176.1865888486136,down,0.0,38672657013
2021-09-10,46396.6640625,47031.7421875,44344.484375,44883.91015625,45445.39308091648,46791.0003981487,-1345.6073172322212,down,0.0,39154666597
2021-09-11,44869.83984375,45969.29296875,44818.265625,45201.45703125,45282.769047805494,46261.15260918246,-978.3835613769697,down,0.0,34499835245
2021-09-12,45206.62890625,46364.87890625,44790.4609375,46063.26953125,45803.102703435165,46195.19158320498,-392.0888797698135,down,0.0,27881980161
2021-09-13,46057.21484375,46598.6796875,43591.3203125,44963.07421875,45243.08371364506,45784.485795053326,-541.4020814082687,up,1.0,40969943253
2021-09-14,44960.05078125,47218.125,44752.33203125,47092.4921875,46476.02269621502,46220.48792586889,255.53477034613024,up,0.0,38652152880
2021-09-15,47098.0,48450.46875,46773.328125,48176.34765625,47609.57266957167,46872.44116932926,737.1315002424162,up,0.0,30484496466
2021-09-16,48158.90625,48486.828125,47079.55859375,47783.359375,47725.43047319056,47176.0805712195,549.349901971058,up,0.0,31764293754
2021-09-17,47771.00390625,48160.921875,46832.5234375,47267.51953125,47420.15651189685,47206.560224563,213.59628733385034,up,0.0,28727713711
2021-09-18,47273.52734375,48791.78125,47087.28515625,48278.36328125,47992.29435813228,47563.827910125336,428.46644800694776,up,0.0,28575630451
2021-09-19,48268.85546875,48328.3671875,46919.8046875,47260.21875,47504.24395271076,47462.624856750226,41.61909596053738,down,-1.0,26967722648
2021-09-20,47261.40625,47328.19921875,42598.9140625,42843.80078125,44397.281838403585,45923.01683158348,-1525.7349931798963,down,0.0,43909845642
2021-09-21,43012.234375,43607.609375,39787.609375,40693.67578125,41928.211133634526,44179.90314813899,-2251.692014504464,down,0.0,48701090088
2021-09-22,40677.953125,43978.62109375,40625.6328125,43574.5078125,43025.742252878175,43978.104702925986,-952.3624500478109,down,0.0,38139709246
2021-09-23,43560.296875,44942.17578125,43109.33984375,44895.09765625,44271.979188459394,44283.76902070065,-11.78983224125841,down,0.0,34244064430
2021-09-24,44894.30078125,45080.4921875,40936.55859375,42839.75,43317.15972948647,43802.429347133766,-485.2696176472964,down,0.0,42839345714
2021-09-25,42840.890625,42996.2578125,41759.921875,42716.59375,42916.782409828826,43440.48414808918,-523.7017382603517,down,0.0,31604717236
2021-09-26,42721.62890625,43919.30078125,40848.4609375,43208.5390625,43111.286844942944,43363.169119559454,-251.88227461650968,down,0.0,30661222077
2021-09-27,43234.18359375,44313.24609375,42190.6328125,42235.73046875,42527.58259414765,42987.3562359563,-459.7736418086497,down,0.0,30980029059
2021-09-28,42200.8984375,42775.14453125,40931.6640625,41034.54296875,41532.22284388255,42336.41848022087,-804.1956363383215,down,0.0,30214940550
2021-09-29,41064.984375,42545.2578125,40829.66796875,41564.36328125,41553.64980212751,42079.06674723058,-525.4169451030684,up,1.0,30602359905
2021-09-30,41551.26953125,44092.6015625,41444.58203125,43790.89453125,43045.146288209166,42649.676008570386,395.4702796387792,up,0.0,31141681925
2021-10-01,43816.7421875,48436.01171875,43320.0234375,48116.94140625,46426.34303356972,44472.09780779693,1954.2452257727928,up,0.0,42850641582
2021-10-02,48137.46875,48282.0625,47465.49609375,47711.48828125,47283.10653202324,45551.89463228129,1731.2118997419457,up,0.0,30614346492
2021-10-03,47680.02734375,49130.69140625,47157.2890625,48199.953125,47894.337594007746,46434.580796520866,1459.7567974868798,up,0.0,26638115879
2021-10-04,48208.90625,49456.77734375,47045.00390625,49112.90234375,48706.714093835915,47327.35464559725,1379.3594482386688,up,0.0,33383173002
2021-10-05,49174.9609375,51839.984375,49072.83984375,51514.8125,50578.779697945305,48723.17393039817,1855.6057675471384,up,0.0,35873904236
2021-10-06,51486.6640625,55568.46484375,50488.19140625,55361.44921875,53767.22604514844,50935.932359848775,2831.2936852996645,up,0.0,49034730168
2021-10-07,55338.625,55338.625,53525.46875,53805.984375,53793.06493171615,51892.616364899186,1900.4485668169655,up,0.0,36807860413
2021-10-08,53802.14453125,55922.98046875,53688.0546875,53967.84765625,53909.586748072055,52584.36012868278,1325.226619389272,up,0.0,34800873924
2021-10-09,53929.78125,55397.9453125,53735.14453125,54968.22265625,54615.344020190685,53378.98097120519,1236.3630489854986,up,0.0,32491211414
2021-10-10,54952.8203125,56401.3046875,54264.2578125,54771.578125,54719.50009006356,53843.18002247013,876.3200675934277,up,0.0,39527792364
2021-10-11,54734.125,57793.0390625,54519.765625,57484.7890625,56563.02607168785,55057.049702480086,1505.9763692077613,up,0.0,42637331698
2021-10-12,57526.83203125,57627.87890625,54477.97265625,56041.05859375,56215.047753062616,55385.05266623673,829.9950868258893,up,0.0,41083758949
2021-10-13,56038.2578125,57688.66015625,54370.97265625,57401.09765625,57005.747688520874,56057.06766290782,948.6800256130518,up,0.0,41684252783
2021-10-14,57372.83203125,58478.734375,56957.07421875,57321.5234375,57216.26485450696,56478.55292110521,737.711933401748,up,0.0,36615791366
2021-10-15,57345.90234375,62757.12890625,56868.14453125,61593.94921875,60134.721097335656,58183.68502032014,1951.0360770155166,up,0.0,51780081801
2021-10-16,61609.52734375,62274.4765625,60206.12109375,60892.1796875,60639.693490778554,59086.516576046764,1553.17691473179,up,0.0,34250964237
2021-10-17,60887.65234375,61645.5234375,59164.46875,61553.6171875,61248.97595525952,59908.883446531174,1340.0925087283467,up,0.0,29032367511
2021-10-18,61548.8046875,62614.66015625,60012.7578125,62026.078125,61767.04406841984,60614.61500602078,1152.42906239906,up,0.0,38055562075
2021-10-19,62043.1640625,64434.53515625,61622.93359375,64261.9921875,63430.34281447328,61830.407399847194,1599.9354146260885,up,0.0,40471196346
2021-10-20,64284.5859375,66930.390625,63610.67578125,65992.8359375,65138.67156315776,63217.8835790648,1920.78798409296,up,0.0,40788955582
2021-10-21,66002.234375,66600.546875,62117.41015625,62210.171875,63186.33843771925,62881.97967770987,304.3587600093815,down,-1.0,45908121370
2021-10-22,62237.890625,63715.0234375,60122.796875,60692.265625,61523.62322923975,62152.074993473245,-628.4517642334977,down,0.0,38434082775
2021-10-23,60694.62890625,61743.87890625,59826.5234375,61393.6171875,61436.95253474658,61899.2557248155,-462.3031900689166,down,0.0,26882546034
2021-10-24,61368.34375,61505.8046875,59643.34375,60930.8359375,61099.54146991553,61576.44912904367,-476.90765912814095,up,1.0,27316183882
2021-10-25,60893.92578125,63729.32421875,60691.80078125,63039.82421875,62393.06330247185,62064.24082561245,328.8224768594009,down,-1.0,31064911614
2021-10-26,63032.76171875,63229.02734375,59991.16015625,60363.79296875,61040.21641332395,61497.42487332496,-457.208460001013,down,0.0,34878965587
2021-10-27,60352.0,61435.18359375,58208.1875,58482.38671875,59334.99661694132,60492.4121551333,-1157.4155381919845,down,0.0,43657076893
2021-10-28,58470.73046875,62128.6328125,58206.91796875,60622.13671875,60193.09001814711,60535.653676338865,-342.563658191757,up,1.0,45257083247
2021-10-29,60624.87109375,62927.609375,60329.96484375,62227.96484375,61549.673235215705,61099.75739880925,449.91583640645695,up,0.0,36856881767
2021-10-30,62239.36328125,62330.14453125,60918.38671875,61888.83203125,61775.77909923857,61362.7822762895,412.9968229490696,up,0.0,32157938616
2021-10-31,61850.48828125,62406.171875,60074.328125,61318.95703125,61471.23105391286,61348.17386127634,123.05719263652281,down,-1.0,32241199927
2021-11-01,61320.44921875,62419.00390625,59695.18359375,61004.40625,61160.01451797096,61233.58465751755,-73.57013954659487,up,1.0,36150572843
2021-11-02,60963.25390625,64242.79296875,60673.0546875,63226.40234375,62537.60640182366,61897.85721959503,639.7491822286247,up,0.0,37746665647
2021-11-03,63254.3359375,63516.9375,61184.23828125,62970.046875,62825.90005060789,62255.25377139668,570.646279211207,down,-1.0,36124731509
2021-11-04,62941.8046875,63123.2890625,60799.6640625,61452.23046875,61910.120329369296,61987.579337181116,-77.4590078118199,down,0.0,32615846901
2021-11-05,61460.078125,62541.46875,60844.609375,61125.67578125,61387.15729728976,61700.27815187074,-313.12085458097863,down,0.0,30605102446
2021-11-06,61068.875,61590.68359375,60163.78125,61527.48046875,61480.706078263254,61642.678924163825,-161.97284590057097,up,1.0,29094934221
2021-11-07,61554.921875,63326.98828125,61432.48828125,63326.98828125,62711.56088025442,62204.115376525886,507.445503728537,up,0.0,24726754302
2021-11-08,63344.06640625,67673.7421875,63344.06640625,67566.828125,65948.40571008481,63991.68629268392,1956.7194174008982,up,0.0,41125608330
2021-11-09,67549.734375,68530.3359375,66382.0625,66971.828125,66630.68732002827,64985.06690345594,1645.620416572332,up,0.0,42357991721
2021-11-10,66953.3359375,68789.625,63208.11328125,64995.23046875,65540.38275250942,64988.45475855396,551.9279939554617,up,0.0,48730828378
2021-11-11,64978.890625,65579.015625,64180.48828125,64949.9609375,65146.768209169815,64975.62348486931,171.14472430050228,down,-1.0,35880633236
2021-11-12,64863.98046875,65460.81640625,62333.9140625,64155.94140625,64486.21700722328,64702.39612532954,-216.17911810626538,down,0.0,36084893887
2021-11-13,64158.12109375,64915.67578125,63303.734375,64469.52734375,64475.09056490776,64624.77319813636,-149.68263322860003,up,1.0,30474228777
2021-11-14,64455.37109375,65495.1796875,63647.80859375,65466.83984375,65136.25675080259,64905.46208000757,230.79467079501774,down,-1.0,25122092191
2021-11-15,65521.2890625,66281.5703125,63548.14453125,63557.87109375,64083.99964610086,64456.265084588376,-372.26543848751317,down,0.0,30558763548
2021-11-16,63721.1953125,63721.1953125,59016.3359375,60161.24609375,61468.83061120028,63024.59208764225,-1555.7614764419704,down,0.0,46844335592
2021-11-17,60139.62109375,60823.609375,58515.41015625,60368.01171875,60734.951349566756,62139.065298011505,-1404.1139484447485,down,0.0,39178392930
2021-11-18,60360.13671875,60948.5,56550.79296875,56942.13671875,58206.40826235558,60406.755771591,-2200.34750923542,down,0.0,41388338699
2021-11-19,56896.12890625,58351.11328125,55705.1796875,58119.578125,58148.52150411852,59644.36322272734,-1495.841718608819,down,0.0,38702407772
2021-11-20,58115.08203125,59859.87890625,57469.7265625,59697.1953125,59180.97070970617,59661.97391931823,-481.0032096120631,down,0.0,30624264863
2021-11-21,59730.5078125,60004.42578125,58618.9296875,58730.4765625,58880.64127823539,59351.47480037882,-470.83352214343176,down,0.0,26123447605
2021-11-22,58706.84765625,59266.359375,55679.83984375,56289.2890625,57153.073134411796,58330.74622108587,-1177.6730866740763,down,0.0,35036121783
2021-11-23,56304.5546875,57875.515625,55632.76171875,57569.07421875,57430.40719063726,58076.85555364058,-646.4483630033137,down,0.0,37485803899
2021-11-24,57565.8515625,57803.06640625,55964.22265625,56280.42578125,56663.752917712416,57478.04562951039,-814.2927117979707,down,0.0,36635566789
2021-11-25,57165.41796875,59367.96875,57146.68359375,57274.6796875,57071.037430904136,57410.256982173596,-339.21955126945977,down,0.0,34284016248
2021-11-26,58960.28515625,59183.48046875,53569.765625,53569.765625,54736.85622696805,56130.09319644907,-1393.2369694810186,down,0.0,41810748221
2021-11-27,53736.4296875,55329.2578125,53668.35546875,54815.078125,54789.00415898935,55691.754839299385,-902.7506803100332,up,1.0,30560857714
2021-11-28,54813.0234375,57393.84375,53576.734375,57248.45703125,56428.639407163115,56210.655569949595,217.98383721352002,up,0.0,28116886357
2021-11-29,57291.90625,58872.87890625,56792.52734375,57806.56640625,57347.25740655437,56742.625848716394,604.6315578379727,up,0.0,32370840356
2021-11-30,57830.11328125,59113.40234375,56057.28125,57005.42578125,57119.36965635145,56830.225826227594,289.1438301238595,up,0.0,36708594618
2021-12-01,56907.96484375,59041.68359375,56553.08203125,57229.828125,57193.00863545048,56963.42659248507,229.58204296541226,down,-1.0,36858195307
2021-12-02,57217.37109375,57349.234375,55895.1328125,56477.81640625,56716.213815983494,56801.55653040672,-85.34271442322643,down,0.0,32379968686
2021-12-03,56509.1640625,57482.16796875,52496.5859375,53598.24609375,54637.568667827836,55733.78638485449,-1096.2177170266514,down,0.0,39789134215
2021-12-04,53727.87890625,53904.6796875,42874.6171875,49200.703125,51012.99163927595,53556.091964903,-2543.1003256270487,down,0.0,61385677469
2021-12-05,49201.51953125,49768.1484375,47857.49609375,49368.84765625,49916.895650591985,52160.343862018664,-2243.4482114266793,down,0.0,37198201161
2021-12-06,49413.48046875,50929.51953125,47281.03515625,50582.625,50360.715216863995,51634.43757467911,-1273.722357815117,down,0.0,37707308001
2021-12-07,50581.828125,51934.78125,50175.80859375,50700.0859375,50586.96236395466,51322.987028952746,-736.0246649980836,down,0.0,33676814852
2021-12-08,50667.6484375,51171.375,48765.98828125,50504.796875,50532.18537131822,51050.25697763517,-518.0716063169457,down,0.0,28479699446
2021-12-09,50450.08203125,50797.1640625,47358.3515625,47672.12109375,48625.47585293941,49924.21168300678,-1298.7358300673732,down,0.0,29603577251
2021-12-10,47642.14453125,50015.25390625,47023.69921875,47243.3046875,47704.02840931314,49030.576017837855,-1326.5476085247137,down,0.0,30966005122
2021-12-11,47264.6328125,49458.2109375,46942.34765625,49362.5078125,48809.68134477105,49141.2199493919,-331.5386046208514,up,1.0,25775869261
2021-12-12,49354.85546875,50724.8671875,48725.8515625,50098.3359375,49668.784406590356,49460.2586120946,208.5257944957557,down,-1.0,21939223599
2021-12-13,50114.7421875,50205.0,45894.84765625,46737.48046875,47714.58178136346,48552.665897646395,-838.0841162829383,down,0.0,32166727776
2021-12-14,46709.82421875,48431.3984375,46424.49609375,46612.6328125,46979.94913545449,47905.9882025976,-926.0390671431087,up,1.0,34638619079
2021-12-15,48379.75390625,49473.95703125,46671.96484375,48896.72265625,48257.798149318165,48236.23302048173,21.56512883643154,down,-1.0,36541828520
2021-12-16,48900.46484375,49425.57421875,47529.87890625,47665.42578125,47862.88323727273,48045.96394073783,-183.08070346510067,down,0.0,27268150947
2021-12-17,47653.73046875,48004.89453125,45618.21484375,46202.14453125,46755.72409992424,47431.35747090855,-675.6333709843093,down,0.0,32902725329
2021-12-18,46219.25390625,47313.828125,45598.44140625,46848.77734375,46817.75959580808,47237.16409518904,-419.40449938095844,down,0.0,26098292690
2021-12-19,46853.8671875,48089.6640625,46502.953125,46707.015625,46743.930281936024,47060.447938459365,-316.51765652334143,down,0.0,25154053861
2021-12-20,46707.0625,47401.71875,45579.80859375,46880.27734375,46834.82832314534,47000.391073556246,-165.56275041090703,up,1.0,30961902129
2021-12-21,46886.078125,49300.91796875,46698.7734375,48936.61328125,48236.018295215115,47645.79847612083,590.2198190942872,up,0.0,27055803928
2021-12-22,48937.09765625,49544.796875,48450.94140625,48628.51171875,48497.68057757171,47973.369556997226,524.3110205744815,up,0.0,24447979559
2021-12-23,48626.34375,51332.33984375,48065.8359375,50784.5390625,50022.25290085724,48910.42605883149,1111.8268420257518,up,0.0,28223878108
2021-12-24,50806.05078125,51814.02734375,50514.49609375,50822.1953125,50555.547841952415,49547.682476720984,1007.8653652314315,up,0.0,24367912228
2021-12-25,50854.91796875,51176.59765625,50236.70703125,50429.859375,50471.75553065081,49841.74144281398,630.0140878368256,up,0.0,19030650914
2021-12-26,50428.69140625,51196.37890625,49623.10546875,50809.515625,50696.92892688361,50164.33283687598,532.5960900076243,up,0.0,20964372926
2021-12-27,50802.609375,51956.328125,50499.46875,50640.41796875,50659.25495479454,50323.027880833986,336.22707396055193,down,-1.0,24324345758
2021-12-28,50679.859375,50679.859375,47414.2109375,47588.85546875,48612.32196409818,49411.637076805986,-799.315112707809,down,0.0,33430376883
2021-12-29,47623.87109375,48119.7421875,46201.49609375,46444.7109375,47167.24794636606,48422.66169703732,-1255.413750671265,down,0.0,30049226299
2021-12-30,46490.60546875,47879.96484375,46060.3125,47178.125,47174.49931545535,48007.81613135821,-833.3168159028573,down,0.0,26686491018
2021-12-31,47169.37109375,48472.52734375,45819.953125,46306.4453125,46595.79664681845,47440.69252507214,-844.8958782536865,,0.0,36974172400
